Guess and Check,10
New Shortest Path,Time
436,-
298,0.012990474700927734
283,0.1208803653717041
264,0.26830482482910156
255,4.540005445480347
242,5.719772100448608
240,9.380137205123901
